Stage,Mean_sec,Std_sec
ReliefF Selection,44.91352032,11.7878369104132
Subspace KNN Training,0.2492575,0.168530110259591
Prediction (Inference),0.06898114,0.0474492913253507
